id,subject,body,answer,type,queue,priority,language,business_type,tag_1,tag_2,tag_3,tag_4,tag_5,tag_6,tag_7,tag_8,tag_9
36,Anfrage zu den Spezifikationen und Anpassungsoptionen des MacBook Air M1,"Sehr geehrtes Support-Team des Tech Online Stores,

ich interessiere mich für den Kauf eines MacBook Air M1 und hätte gerne detaillierte Spezifikationen sowie Informationen zu den verfügbaren Anpassungsoptionen. Könnten Sie mir bitte diese Informationen zur Verfügung stellen?

Vielen Dank für Ihre Unterstützung.

Mit freundlichen Grüßen,
<name>","Sehr geehrter <name>,

vielen Dank für Ihr Interesse. Das MacBook Air M1 verfügt über ein 13,3"" Retina-Display, einen Apple M1 Chip, eine 8-Kern-CPU, bis zu 16 GB RAM und bis zu 2 TB SSD-Speicher. Anpassungsoptionen umfassen RAM-Upgrade, Speicher-Upgrade und vorinstallierte Software. Für weitere Details oder um eine Bestellung aufzugeben, besuchen Sie bitte unsere Website.

Mit freundlichen Grüßen,
Das Support-Team des Tech Online Stores",Request,Customer Service,medium,de,Tech Online Store,Product Support,Sales Inquiry,Technical Guidance,General Inquiry,,,,,
39,Déconnexions fréquentes et plantages,Le client signale des déconnexions fréquentes et des plantages lors des réunions vidéo utilisant Zoom 5.11.0. Veuillez enquêter. Merci.,"Nous allons enquêter sur le problème avec Zoom 5.11.0. En attendant, assurez-vous que vous utilisez la dernière version et vérifiez votre connexion Internet. Merci.",Incident,Product Support,high,fr,Software Development Company,Technical Support,Software Bug,Service Disruption,System Crash,Problem Resolution,Performance Tuning,,,
243,Problema de sonido Dell XPS,"Problema con el sonido, manejando como devolución. Dentro de 30 días.",Gracias por su correo electrónico. Procesaremos su devolución para el Dell XPS. Espere más instrucciones pronto.,Problem,Returns and Exchanges,medium,es,Tech Online Store,Returns and Exchanges,Product Support,Customer Service,Refund Request,,,,,
381,Assistance requise pour la configuration du tableau Scrum,"Cher support client,

Notre client, <name>, a besoin d'aide pour configurer un tableau Scrum dans Jira Software 8.20 pour un nouveau projet. Avoir de l'assistance pour la configuration initiale et les meilleures pratiques serait grandement apprécié.

Merci pour votre soutien rapide.

Cordialement,
<name>
<name> Société de développement logiciel","Cher <name>,

Merci de nous avoir contactés. Pour configurer un tableau Scrum dans Jira Software 8.20, allez dans Projets > Créer un projet > Sélectionner Scrum > Configurer et personnaliser selon les besoins. Pour les meilleures pratiques, consultez notre guide détaillé à [Jira Scrum Guide link].

Cordialement,
Support client",Request,Product Support,medium,fr,Software Development Company,Technical Support,Product Support,General Inquiry,Problem Resolution,Training Request,,,,
663,Urgente: Assistência Imediata Necessária para Falha na Aplicação de Folha de Pagamento,"Caro Suporte ao Cliente da Firma de Consultoria de TI, Nosso RH relata que nossa aplicação de folha de pagamento primária falhou durante o processamento. Precisamos urgentemente da sua assistência para restaurar sua operação. O serviço afetado é o Serviço de Consultoria de TI fornecido pela sua empresa. Por favor, entre em contato conosco o mais rápido possível. Para mais informações, entre em contato com <name> pelo <tel_num>.","Caro Cliente,

Recebemos sua solicitação urgente sobre a falha na aplicação de folha de pagamento. Nossa equipe está analisando o problema e fornecerá uma atualização assim que possível. Para mais informações, poderemos entrar em contato com <name> pelo <tel_num>. Fique tranquilo, estamos priorizando a restauração do seu serviço.

Atenciosamente,
Suporte ao Cliente da Firma de Consultoria de TI",Incident,Human Resources,medium,pt,IT Consulting Firm,Urgent Issue,Payroll Issue,Technical Support,Service Disruption,Problem Resolution,Account Assistance,,,
673,Problema com o Trackpad do Dell XPS 13 9310 que não responde,"Caro Suporte ao Cliente da Tech Online Store,

Estou entrando em contato para relatar um problema com meu Dell XPS 13 9310. O trackpad fica sem resposta e frequentemente apresenta atrasos sempre que o laptop está desacoplado da fonte de energia. Agradeceria qualquer assistência ou orientação para resolver esse problema o mais rápido possível. Obrigado.

Atenciosamente,
<name>","Caro <name>,

Obrigado por entrar em contato. Lamentamos saber sobre o problema com seu Dell XPS 13 9310. Por favor, tente atualizar os drivers do trackpad e o BIOS a partir do site oficial da Dell. Se o problema persistir, considere ajustar suas configurações de energia para melhor desempenho com bateria. Caso essas etapas não resolvam o problema, entre em contato com nossa equipe de suporte para explorar assistência adicional.

Atenciosamente,
Suporte ao Cliente da Tech Online Store",Request,Product Support,medium,pt,Tech Online Store,Technical Support,Product Support,Hardware Failure,Problem Resolution,Customer Service,Performance Tuning,,,
717,,"Dear Tech Online Store Customer Support,

I am writing to report wireless connection issues with my recently purchased Canon PIXMA MG3620 printer within the return eligibility period. Despite multiple attempts at troubleshooting, the printer fails to connect to my home network reliably, making it difficult to use. I am seeking assistance in resolving this issue or, if necessary, initiating a return or exchange process for a functioning unit. Please advise on the next steps.

Thank you for your prompt attention to this matter.

Best regards,
<name>
<tel_num>","Dear <name>,

Thank you for contacting Tech Online Store Customer Support. We are sorry to hear you're experiencing issues with your Canon PIXMA MG3620 printer. We recommend first trying the following steps: 
1. Ensure the printer is within range of the Wi-Fi router.
2. Restart both the router and the printer.
3. Check for any firmware updates for the printer.

If the issue persists, please let us know, and we will assist you with the return or exchange process.

Thank you.

Best regards,
Tech Online Store Customer Support",Problem,Returns and Exchanges,low,en,Tech Online Store,Technical Support,Product Support,Returns and Exchanges,Network Issue,Hardware Failure,Problem Resolution,,,
900,Frequent Disconnections and Crashes,Customer reports frequent disconnections and crashes during video meetings using Zoom 5.11.0. Please investigate. Thank you.,"We'll investigate the issue with Zoom 5.11.0. Meanwhile, ensure you're using the latest version and check your internet connection. Thank you.",Incident,Product Support,high,en,Software Development Company,Technical Support,Service Disruption,Network Issue,Software Bug,Problem Resolution,Urgent Issue,,,
929,Não é possível processar o pagamento,Mensagem de erro da transação para o Adobe Photoshop 2024,"Estamos trabalhando para resolver o problema. Por favor, tente novamente mais tarde. Desculpe pelo inconveniente.",Problem,Billing and Payments,low,pt,Tech Online Store,Payment Processing,Billing Issue,Software Bug,Urgent Issue,,,,,
1032,Urgent: Immediate Assistance Required for Server Downtime Issue,"Dear IT Services Customer Support, 

Our server, which affects our ticket system, experienced unexpected downtime today. This issue is crucial since it affects our IT Consulting Service operations. We urgently need technical support to resolve the problem and restore normal functionality.

Please prioritize this request and provide immediate assistance.

Thank you, 

<name>","Dear <name>,

Thank you for contacting IT Services Customer Support. We understand the urgency of the server downtime impacting your ticket system and IT Consulting Service operations. Our team is prioritizing this request and will provide immediate assistance to resolve the issue and restore normal functionality.

Best regards,
IT Services Customer Support",Problem,Technical Support,high,en,IT Services,Technical Support,IT Support,Urgent Issue,Service Disruption,System Crash,Problem Resolution,Incident Report,,
1033,Problema com a Tela Sensível ao Toque do Surface Pro 7,"Caro suporte ao cliente, estou enfrentando problemas de sensibilidade com a tela sensível ao toque do meu Microsoft Surface Pro 7, tornando difícil o uso adequado do dispositivo. Você pode me ajudar com uma solução? Obrigado, <name>","Caro <name>, Lamentamos saber sobre o problema da tela sensível ao toque. Por favor, tente atualizar seus drivers e usar o Ferramenta de Diagnóstico do Surface. Se o problema persistir, nos avise.  Atenciosamente, Suporte ao Cliente",Incident,Product Support,high,pt,Tech Online Store,Technical Support,Product Support,Hardware Failure,Problem Resolution,,,,,
1438,Monitor Issue,"Hello Support Team, my Dell XPS 13 9310 is not recognizing an external monitor. I have attempted troubleshooting the graphics drivers, but the issue persists. Please advise on further steps to resolve this problem. Thank you, <name>","Hello <name>,
Please try the following steps:
1. Ensure the external monitor is set to the correct input source.
2. Use a different cable or port.
3. Update the BIOS and graphics drivers from Dell's support website.
If the issue persists, please contact us again.

Best regards, 
Support Team",Problem,Technical Support,medium,en,Tech Online Store,Technical Support,Product Support,Hardware Failure,Problem Resolution,Technical Guidance,,,,
1503,Consulta de Compatibilidade,"Caro Suporte ao Cliente,

Recentemente comprei um MacBook Air M1 na sua loja. Preciso saber se este modelo é compatível com a minha configuração de monitor sem fio externo. Por favor, forneça as informações necessárias assim que possível.

Obrigado,
<name>","Caro <name>,

Obrigado pela sua consulta. O MacBook Air M1 suporta monitores externos, embora a compatibilidade com uma configuração sem fio dependa do monitor específico e do método de conexão. Por favor, verifique a compatibilidade do monitor com o macOS e as capacidades sem fio para verificação.

Atenciosamente,
Suporte ao Cliente",Request,Product Support,low,pt,Tech Online Store,Product Support,Customer Service,Technical Guidance,General Inquiry,,,,,
1554,Problem mit dem Dell XPS 13 9310 Bildschirmflimmern,"Sehr geehrter Kunde des Tech Online Store, ich habe intermittierendes Bildschirmflimmern bei meinem Dell XPS 13 9310. Dieses Problem verursacht erhebliche Unannehmlichkeiten bei der Arbeit. Ihre schnelle Unterstützung zur Lösung dieser Angelegenheit wäre sehr willkommen. Vielen Dank. Mit freundlichen Grüßen, <name>","Sehr geehrter <name>,

Vielen Dank für Ihre Anfrage. Bitte versuchen Sie, Ihren Grafikkartentreiber und das BIOS über die Support-Website von Dell zu aktualisieren. Wenn das Problem weiterhin besteht, senden Sie uns bitte Ihre Kaufdetails (Bestellnummer <acc_num>) für weitere Unterstützung.

Mit freundlichen Grüßen,
Kundensupport des Tech Online Store",Incident,Technical Support,medium,de,Tech Online Store,Product Support,Technical Support,Software Bug,Hardware Failure,Problem Resolution,,,,
1586,Dringend: Hardwarefehler beim Dell XPS 13 9310,"Sehr geehrte IT-Services, unser Dell XPS 13 9310 hat gelegentliches Bildschirmflimmern und intermittierende Probleme mit der drahtlosen Konnektivität. Bitte beraten Sie uns zu den nächsten Schritten, um diese Probleme zu lösen. Mit freundlichen Grüßen, <name>, <company name>, <email_address>, <phone_number>. Vielen Dank.","Sehr geehrte <name>,

Bitte aktualisieren Sie Ihre Treiber und das BIOS von der Dell-Support-Website. Wenn die Probleme weiterhin bestehen, vereinbaren Sie einen Diagnose-Termin, indem Sie unser Support-Team unter <tel_num> kontaktieren oder auf diese E-Mail mit Informationen zu Ihrer Verfügbarkeit antworten.

Mit freundlichen Grüßen,
IT-Services",Incident,IT Support,high,de,IT Services,Hardware Failure,Technical Support,System Maintenance,Problem Resolution,Urgent Issue,,,,
1632,Assistance urgente requise pour les problèmes de Visual Studio Code,"Cher service client, je rencontre des problèmes de débogage dans des applications utilisant Visual Studio Code 1.70 sur des appareils gérés par les RH. Une aide immédiate est requise. Cordialement, <name>","Cher <name>,

Merci de nous avoir contactés. Nous avons escaladé votre problème pour un traitement prioritaire. Quelqu'un de notre équipe vous contactera bientôt pour le résoudre.

Cordialement,
Service client",Request,Human Resources,high,fr,IT Services,Technical Support,Urgent Issue,Problem Resolution,Software Bug,Customer Service,,,,